"User/Org","Display Name","Account Type","Followers","Public Repos","Affected Repos","Repo Count","GitHub URL"
"khaledssbd","KHALED SIDDIQUE ","User","6","56","khaledssbd/KS-University-server; khaledssbd/RideRevolt-project; khaledssbd/SoulSyntax-project; khaledssbd/ThinkGreenly; khaledssbd/ThinkGreenly-apis; khaledssbd/TuneTrail-a-bike-service-management-solution-serverside; khaledssbd/Xpartex-App","7","https://github.com/khaledssbd"
"leothatguy","Leo ","User","25","114","leothatguy/ai-processing-text-interface; leothatguy/conference-ticket-generator; leothatguy/embeddable-tour-web-app; leothatguy/primo-dashboard; leothatguy/transfer-ckb; leothatguy/zetrochat","6","https://github.com/leothatguy"
"biny001","Binyamin Tamirat ","User","6","46","biny001/Metebaber; biny001/better-auth-sample; biny001/dicom-viewer; biny001/nexter-blog; biny001/nexter-car","5","https://github.com/biny001"
"cyhammad","Muhammad Hammad ","User","2","45","cyhammad/cdl-token; cyhammad/repair-home-center; cyhammad/repair-site; cyhammad/repair-site-3; cyhammad/wide-home-uae-repairs","5","https://github.com/cyhammad"
"DammyCodes-all","Olagunju Alameen Olasubomi ","User","15","53","DammyCodes-all/audiophile-e-commerce; DammyCodes-all/hng-i14-backend; DammyCodes-all/mojito-gsap-landingpage; DammyCodes-all/recyclog-next; DammyCodes-all/shadow-save-bot","5","https://github.com/DammyCodes-all"
"DojoPercy","David ojo ","User","3","46","DojoPercy/Pelatbboard; DojoPercy/World-Congress-Business-Leaders; DojoPercy/energyNews; DojoPercy/ilm-business; DojoPercy/portfolio","5","https://github.com/DojoPercy"
"Dominion116","Oyewale Dominion ","User","35","114","Dominion116/API-Test; Dominion116/Smile-TEST; Dominion116/Smile-TEST-2; Dominion116/futureblock; Dominion116/my-portfolio","5","https://github.com/Dominion116"
"FSDTeam-SAA"," ","Organization","23","439","FSDTeam-SAA/ftfdesignco-backend-new; FSDTeam-SAA/heart-bridge-dialogue; FSDTeam-SAA/stevenar77-backend; FSDTeam-SAA/vendopos81-backend; FSDTeam-SAA/wellnessmclear-frontend","5","https://github.com/FSDTeam-SAA"
"aindrajaya","Arista Indrajaya ","User","46","224","aindrajaya/funneldash; aindrajaya/node-proxy-server; aindrajaya/senda-api; aindrajaya/virtual-run-api","4","https://github.com/aindrajaya"
"igudy","igudy ","User","41","111","igudy/AuraApparel; igudy/GoogleAuthReactNative; igudy/SoftGlow; igudy/shopiverse","4","https://github.com/igudy"
"Abhinav-Malik-154","Abhinav Malik ","User","5","40","Abhinav-Malik-154/forgekit; Abhinav-Malik-154/ml; Abhinav-Malik-154/nexus","3","https://github.com/Abhinav-Malik-154"
"AkshBahl"," ","User","1","22","AkshBahl/ai---chat; AkshBahl/ai--joe; AkshBahl/ai-assistant-development","3","https://github.com/AkshBahl"
"gyanshupathak","Gyanshu Pathak ","User","5","27","gyanshupathak/DEX; gyanshupathak/Oasis; gyanshupathak/SolVest","3","https://github.com/gyanshupathak"
"kanchana404","Kavitha Kanchana ","User","34","98","kanchana404/Cypress; kanchana404/offset-dashboard-new-feature-test; kanchana404/xora","3","https://github.com/kanchana404"
"KaranChouhan018","Karan Chouhan ","User","12","66","KaranChouhan018/arxino; KaranChouhan018/dentsi; KaranChouhan018/todo","3","https://github.com/KaranChouhan018"
"kazama20003","kazamaDev ","User","2","34","kazama20003/inkatravel-backend; kazama20003/tawantinsuyo-backend; kazama20003/veryfrut-backend","3","https://github.com/kazama20003"
"Mamun-Hossain-dev","Mamun Hossain ","User","3","92","Mamun-Hossain-dev/agency-server; Mamun-Hossain-dev/clinicallymanic-frontend; Mamun-Hossain-dev/quickCart-ecommerce","3","https://github.com/Mamun-Hossain-dev"
"MMansy19","Mahmoud Mansy ","User","109","67","MMansy19/Gheras-Manager; MMansy19/Hurass-Al-Thughur; MMansy19/Rosokh","3","https://github.com/MMansy19"
"naymHdev","Naym Hossen ","User","7","147","naymHdev/nobel-sports-dashboard; naymHdev/nobelsport-client; naymHdev/play-top","3","https://github.com/naymHdev"
"nimurr","Nimur Rahman Nerob ","User","9","153","nimurr/Pricely-cusang_commerce-Backend; nimurr/nimur-rahman-nerob-portfolio; nimurr/supplify-websitee","3","https://github.com/nimurr"
"PRODHOSH","PRODHOSH V.S ","User","37","52","PRODHOSH/CalNote-UI; PRODHOSH/github-api-docs; PRODHOSH/rag-document-qa-bot","3","https://github.com/PRODHOSH"
"slackneveda","Noor Ahmed ","User","0","13","slackneveda/Sweet-Dreams; slackneveda/glamour-bloom; slackneveda/sweet-escape-dessert","3","https://github.com/slackneveda"
"TerraDharitri","Dharitri ","Organization","11","216","TerraDharitri/drt-template-service; TerraDharitri/drt-workflow-rerun-on-comment; TerraDharitri/x402","3","https://github.com/TerraDharitri"
"theanuragg","Anurag Singh ","User","27","106","theanuragg/Relayer; theanuragg/UPtime-monitoring; theanuragg/telexcoin","3","https://github.com/theanuragg"
"yogeshtiwari12","Yogesh Tiwari ","User","11","59","yogeshtiwari12/blog_site_frontend; yogeshtiwari12/test_project; yogeshtiwari12/todo_3f","3","https://github.com/yogeshtiwari12"
"akhan280","Areeb Khan ","User","23","13","akhan280/event-contract-arbitrage; akhan280/radar-rules-frontend","2","https://github.com/akhan280"
"alamin-sujon","Alamin Sujon ","User","4","111","alamin-sujon/project-9-client; alamin-sujon/project_5_backend","2","https://github.com/alamin-sujon"
"alaminrifat","Muhammad Al Amin Rifat ","User","16","75","alaminrifat/company-portfolio; alaminrifat/treecn","2","https://github.com/alaminrifat"
"alimazhar4","Ali Mazhar ","User","8","17","alimazhar4/kanban-demo; alimazhar4/text-to-qr-converter","2","https://github.com/alimazhar4"
"AryanPathak0421","Aryan Pathak ","User","14","51","AryanPathak0421/Closh; AryanPathak0421/My-First-Next.js_Project-Blog-App","2","https://github.com/AryanPathak0421"
"Bayronalpizar99","Bayron Alpízar Quesada ","User","12","24","Bayronalpizar99/ConectaCR; Bayronalpizar99/MediaStream","2","https://github.com/Bayronalpizar99"
"BernardOnuh","Bernard.O ","User","45","217","BernardOnuh/Bizflip-Frontend; BernardOnuh/stakely","2","https://github.com/BernardOnuh"
"brainstormforce","Brainstorm Force ","Organization","187","94","brainstormforce/cross-domain-tracker-for-affiliatewp; brainstormforce/edd-purchase-details","2","https://github.com/brainstormforce"
"CyberMarinesTeam"," ","Organization","6","6","CyberMarinesTeam/umurava_challenge_frontend; CyberMarinesTeam/vulnerability_backend","2","https://github.com/CyberMarinesTeam"
"DevIbrahim07","MUHAMMAD IBRAHIM ","User","1","39","DevIbrahim07/endless_invo_task; DevIbrahim07/patient-caregiver-dashboard","2","https://github.com/DevIbrahim07"
"Devsed-official"," ","User","0","5","Devsed-official/Visa-agent; Devsed-official/quba","2","https://github.com/Devsed-official"
"fahad-khan11","fahad farman ","User","1","45","fahad-khan11/book-app-backend-node-js; fahad-khan11/ml-fe","2","https://github.com/fahad-khan11"
"Faizanmal","Faizan Malik ","User","0","23","Faizanmal/Dashboard_Webview; Faizanmal/movie_recommender","2","https://github.com/Faizanmal"
"Farazkhanbwn","Faraz Khan  ","User","4","56","Farazkhanbwn/MUI-NextJS-Project-Design; Farazkhanbwn/Todo-App-With-Authentication","2","https://github.com/Farazkhanbwn"
"Harshitpahuja20","Harshit-pahuja-20 ","User","3","24","Harshitpahuja20/play; Harshitpahuja20/studyBack","2","https://github.com/Harshitpahuja20"
"hayan6969","Muhammad Hayan Khan  ","User","0","45","hayan6969/NextJs-Practices; hayan6969/hayan","2","https://github.com/hayan6969"
"hngprojects","HNG Tech ","Organization","301","108","hngprojects/nextjs-starter; hngprojects/reconcile-ai-fe","2","https://github.com/hngprojects"
"hoanghd218","Hoang218 ","User","13","44","hoanghd218/human-interior-a-Ninh; hoanghd218/linh.aloha.video.ai","2","https://github.com/hoanghd218"
"hoangnv170752","Akashi  ","User","59","148","hoangnv170752/Mushroom-Hotpot; hoangnv170752/apollo-search","2","https://github.com/hoangnv170752"
"hosainahmeed","Md. Hosain Alli ","User","7","73","hosainahmeed/Ammur; hosainahmeed/nur-nadiya-website","2","https://github.com/hosainahmeed"
"ifedolapoomoniyi","Ifedolapo Omoniyi ","User","12","34","ifedolapoomoniyi/light-shop; ifedolapoomoniyi/zeeil-web","2","https://github.com/ifedolapoomoniyi"
"iSebasC","Sebastian Cabrera Alcala ","User","0","53","iSebasC/porfolio-sebastian-cabrera; iSebasC/reto-tecnico-interseguro","2","https://github.com/iSebasC"
"LuigiClemente"," ","User","0","29","LuigiClemente/calendar_bookings; LuigiClemente/temp-about-us","2","https://github.com/LuigiClemente"
"maleesha-pramud","Maleesha Pramud ","User","10","27","maleesha-pramud/saloon_guide_backend; maleesha-pramud/typing-dev","2","https://github.com/maleesha-pramud"
"md-hasan1","md hasan akon ","User","5","72","md-hasan1/socail-media-front-end; md-hasan1/sync-with-calender","2","https://github.com/md-hasan1"
"Mukela12","Mukela Katungu ","User","14","72","Mukela12/CGAZ-website; Mukela12/trainer-aide-test","2","https://github.com/Mukela12"
"NyLaurent","Nyumbayire Laurent ","User","91","88","NyLaurent/SolarCrafts; NyLaurent/Talynk","2","https://github.com/NyLaurent"
"okp980","Emmanuel Okpunor ","User","15","85","okp980/dashboard; okp980/portfolio-site","2","https://github.com/okp980"
"oscfcommunity","Open Source Community Foundation [ OSCF ]  ","Organization","36","15","oscfcommunity/osd; oscfcommunity/osd_strapi_cms","2","https://github.com/oscfcommunity"
"owaisrafiq05","Owais Rafiq ","User","49","85","owaisrafiq05/Customer-Support-Frontend; owaisrafiq05/FastGram-Frontend","2","https://github.com/owaisrafiq05"
"PreciousEzeigbo","Precious Ezeigbo  ","User","35","65","PreciousEzeigbo/Account-Abstraction; PreciousEzeigbo/ExtConvert","2","https://github.com/PreciousEzeigbo"
"rakeshkarmaker","Rakesh Karmaker ","User","7","55","rakeshkarmaker/devotion-andreia250472; rakeshkarmaker/visualexstasy-CeleBrease","2","https://github.com/rakeshkarmaker"
"rayhanalmim","Rayhan Al Mim ","User","14","123","rayhanalmim/oveswapclientmainnet; rayhanalmim/xmtp_mvp","2","https://github.com/rayhanalmim"
"ronymia","MD. Rony Mia ","User","2","77","ronymia/doctor-portal-app; ronymia/employee-nexus-backend","2","https://github.com/ronymia"
"Sakshamjain98","Saksham Jain ","User","12","22","Sakshamjain98/Gallera; Sakshamjain98/KBG","2","https://github.com/Sakshamjain98"
"sauverpro","TUYIZERE Jean Sauveur ","User","2","50","sauverpro/citizen-engagement-backend; sauverpro/holiday-planner","2","https://github.com/sauverpro"
"semitha-dev"," ","User","6","20","semitha-dev/BlockChain-Semitha; semitha-dev/UnforgeAPI","2","https://github.com/semitha-dev"
"shahinsamiur","samiur shahin ","User","1","45","shahinsamiur/OneLittleWeb-_task; shahinsamiur/barikoi_interview_task","2","https://github.com/shahinsamiur"
"Shariarhosain","Md. Shariar Hosain Sanny ","User","10","46","Shariarhosain/BatteryQK-Backend; Shariarhosain/Batteryqk","2","https://github.com/Shariarhosain"
"survos-sites"," ","Organization","1","62","survos-sites/bunny-demo; survos-sites/pokemon","2","https://github.com/survos-sites"
"talhabilal-dev","Muhammad Talha Bilal ","User","0","22","talhabilal-dev/devnest-frontend; talhabilal-dev/postify","2","https://github.com/talhabilal-dev"
"thesongmartins","Song Martins ","User","66","28","thesongmartins/Invoice-Management-App; thesongmartins/Notely","2","https://github.com/thesongmartins"
"Tiewasters99"," ","User","0","56","Tiewasters99/latest_miniverse; Tiewasters99/this_is_the_newest_miniverse","2","https://github.com/Tiewasters99"
"vibhu927"," ","User","0","18","vibhu927/TestAppProject; vibhu927/random-match","2","https://github.com/vibhu927"
"Webminds-designs","WebMinds ","Organization","3","18","Webminds-designs/hq; Webminds-designs/webminds","2","https://github.com/Webminds-designs"
"Zamany11"," ","User","0","7","Zamany11/e-commerce; Zamany11/my-blog","2","https://github.com/Zamany11"
"ZxAYED","Zayed Iqbal ","User","6","61","ZxAYED/echosOfTheMind; ZxAYED/z-consult-frontend","2","https://github.com/ZxAYED"
"17ishan"," ","User","4","36","17ishan/my-portfolio-","1","https://github.com/17ishan"
"aahmedfaraz","Ahmed Faraz ","User","25","112","aahmedfaraz/ai-linkedin-agent","1","https://github.com/aahmedfaraz"
"aamir-786","Aamir Hussain ","User","25","43","aamir-786/silicon-savannah-vested","1","https://github.com/aamir-786"
"Abdul-Moiz31","Abdul Moiz  ","User","53","119","Abdul-Moiz31/QuickStart-ai","1","https://github.com/Abdul-Moiz31"
"AbdullahKhetran","Abdullah Khetran ","User","4","55","AbdullahKhetran/cloudinary-photos-app","1","https://github.com/AbdullahKhetran"
"abdullahzulfiqar653","Abdullah Zulfiqar ","User","6","32","abdullahzulfiqar653/NeuroRsa-Client","1","https://github.com/abdullahzulfiqar653"
"AbdulRehman938","Abdul Rehman ","User","3","37","AbdulRehman938/dice_game","1","https://github.com/AbdulRehman938"
"Abdulsadiqsamadani","samadani ","User","7","8","Abdulsadiqsamadani/Event-identify-web","1","https://github.com/Abdulsadiqsamadani"
"Abhinav-not-found","Abhinav Kumar ","User","2","124","Abhinav-not-found/portfolio","1","https://github.com/Abhinav-not-found"
"AbhishekSharma55","ABHISHEK SHARMA ","User","2","47","AbhishekSharma55/clawgen","1","https://github.com/AbhishekSharma55"
"abusayedwd","Abu Sayed ","User","2","82","abusayedwd/property-rental-serverr","1","https://github.com/abusayedwd"
"AccumulateNetwork","Accumulate Network ","Organization","6","35","AccumulateNetwork/explorer","1","https://github.com/AccumulateNetwork"
"adamsdavee"," ","User","1","84","adamsdavee/RWA-DeFi","1","https://github.com/adamsdavee"
"agentsifyai","Agentsify ","Organization","0","3","agentsifyai/Agentsify.ai-Website-Dev","1","https://github.com/agentsifyai"
"ahfoysal","Abu Hossain Foysal ","User","26","192","ahfoysal/Luxify-Client-Code-MERN","1","https://github.com/ahfoysal"
"ahmadali507","Ahmad Ali ","User","11","24","ahmadali507/Shocodoc","1","https://github.com/ahmadali507"
"AhmedHashem2104","Ahmed Hashem ","User","8","54","AhmedHashem2104/pokemon-assessment-daftra","1","https://github.com/AhmedHashem2104"
"AI-coderss","DSAH CODE REPO ","User","1","28","AI-coderss/MedicalTranscription_Version2","1","https://github.com/AI-coderss"
"airaamane","Abdellah Iraamane ","User","4","18","airaamane/englishm8","1","https://github.com/airaamane"
"akhlaqahmad","Akhlaq Ahmad ","User","16","48","akhlaqahmad/nextjs-app-template","1","https://github.com/akhlaqahmad"
"Akinz-bobo","Akinola ","User","13","64","Akinz-bobo/nuxt-project","1","https://github.com/Akinz-bobo"
"ali44ashhad"," ","User","0","53","ali44ashhad/contractror-frontend","1","https://github.com/ali44ashhad"
"Ali7040","Ali Haider ","User","94","72","Ali7040/TaskFlow","1","https://github.com/Ali7040"
"AliHaider3820"," ","User","0","16","AliHaider3820/AAA_SD_FYP","1","https://github.com/AliHaider3820"
"Aliraza1125","Ali Raza ","User","5","70","Aliraza1125/blue-sky","1","https://github.com/Aliraza1125"
"Am4n-Ull4h","Aman Ullah ","User","3","25","Am4n-Ull4h/MyBaby6D_NextJS_Project","1","https://github.com/Am4n-Ull4h"
"Amaanmohammad2000","Syed Amaan Mohammad ","User","3","26","Amaanmohammad2000/Node_js_Assignment-7","1","https://github.com/Amaanmohammad2000"
"Ameer-Hamza289","Ameer Hamza ","User","34","74","Ameer-Hamza289/AI_Rate_My_Professor","1","https://github.com/Ameer-Hamza289"
"ammarbinshakir","Ammar Bin Shakir ","User","5","24","ammarbinshakir/typescript-backend-toolkit","1","https://github.com/ammarbinshakir"
"Anant-WebDev","Anant ","Organization","4","1","Anant-WebDev/anant_webapp","1","https://github.com/Anant-WebDev"
"Anasibnyounis","Muhammad Anas ","User","4","7","Anasibnyounis/complete-staffing-solution","1","https://github.com/Anasibnyounis"
"Andrew99xx","indranil chakraborty ","User","2","50","Andrew99xx/astro-demo","1","https://github.com/Andrew99xx"
"aniketnedunuri1"," ","User","0","10","aniketnedunuri1/rls-auth","1","https://github.com/aniketnedunuri1"
"anoexpected","Anotida Expected ","User","11","27","anoexpected/stem-hub","1","https://github.com/anoexpected"
"Anonymous-hss","Harshal Sawatkar ","User","19","92","Anonymous-hss/next-auth","1","https://github.com/Anonymous-hss"
"Anshukk687"," ","User","0","14","Anshukk687/Sanity-nextJS-project","1","https://github.com/Anshukk687"
"Aplftltbox"," ","User","0","1","Aplftltbox/Vbg2","1","https://github.com/Aplftltbox"
"arifbiswas","Arif Biswas ","User","10","110","arifbiswas/react-native","1","https://github.com/arifbiswas"
"ARMANANS1218","ARMAN ANSARI ","User","9","73","ARMANANS1218/hirrd-job-portal","1","https://github.com/ARMANANS1218"
"armeleger","armel ","User","6","28","armeleger/kayko_status_dashboard","1","https://github.com/armeleger"
"arpit01923","Arpit ","User","6","25","arpit01923/inventory-management-backend","1","https://github.com/arpit01923"
"arslan578","Rana Arslan Zaheer ","User","9","65","arslan578/agency-portal","1","https://github.com/arslan578"
"asimrasheed533","Asim Rasheed ","User","10","18","asimrasheed533/fastly-repair","1","https://github.com/asimrasheed533"
"AslanovRustam","Aslanov Rustam ","User","5","139","AslanovRustam/games-tournament","1","https://github.com/AslanovRustam"
"atik735","Atik Hassan ","User","2","54","atik735/Next.Js-Tutorials","1","https://github.com/atik735"
"Atizaz-dev"," ","User","0","23","Atizaz-dev/starter-app","1","https://github.com/Atizaz-dev"
"avishek999","Avishek Prasad ","User","10","35","avishek999/ai-review-code-nextjs","1","https://github.com/avishek999"
"ayon7544","Ayon Ghosh ","User","9","18","ayon7544/nest_production","1","https://github.com/ayon7544"
"AyshaUrmi0","Aysha Urmi ","User","18","78","AyshaUrmi0/Dev-question","1","https://github.com/AyshaUrmi0"
"ayushjain27","Ayush Jain ","User","9","56","ayushjain27/inotebook","1","https://github.com/ayushjain27"
"azimuddin2","MD. AZIM UDDIN ","User","1","100","azimuddin2/stationery-shop-backend","1","https://github.com/azimuddin2"
"azizul-haque-dev","Azizul Haque ","User","3","32","azizul-haque-dev/ic-blog-app","1","https://github.com/azizul-haque-dev"
"bajrang-gaxon","Bajrang ","User","1","2","bajrang-gaxon/shadcn-canry","1","https://github.com/bajrang-gaxon"
"bdshakhawat","Md. Shakhawat Hossain ","User","9","96","bdshakhawat/book-shop-frontend","1","https://github.com/bdshakhawat"
"begouravdev"," ","User","1","21","begouravdev/web-shopping-site","1","https://github.com/begouravdev"
"belladev250"," Bella Melissa ","User","11","64","belladev250/Aegis-Web","1","https://github.com/belladev250"
"Betech-JSC","Betech ","Organization","1","22","Betech-JSC/bed_happybook_client","1","https://github.com/Betech-JSC"
"bhaveshkumbhani0070","Bhavesh Kumbhani  ","User","3","60","bhaveshkumbhani0070/string-calculator","1","https://github.com/bhaveshkumbhani0070"
"bhavin002"," ","User","5","38","bhavin002/shadcn-flipbook","1","https://github.com/bhavin002"
"BlackBlossom","Arpit Srivastava ","User","3","22","BlackBlossom/whatsapp-faq-bot","1","https://github.com/BlackBlossom"
"Bodemola123","Benjamin ","User","3","32","Bodemola123/Voyex-landing","1","https://github.com/Bodemola123"
"brainstems","Intellex AI Protocol (Formerly Brainstems) ","Organization","12","27","brainstems/marketplace-model-share-portal","1","https://github.com/brainstems"
"brodynelly","Brody Nelson ","User","2","30","brodynelly/mizzou-health-care-dashboard","1","https://github.com/brodynelly"
"BrookGT","Biruk Gebisa ","User","2","25","BrookGT/fittrack-monorepo","1","https://github.com/BrookGT"
"brysonandrew","Andrew Bryson ","User","14","48","brysonandrew/skyfacture","1","https://github.com/brysonandrew"
"BU-Trace","BU Trace ","Organization","1","1","BU-Trace/UniversityBusTransportSystem","1","https://github.com/BU-Trace"
"bunyaminbolukbas","Bunyamin ","User","1","8","bunyaminbolukbas/vue-portfolio","1","https://github.com/bunyaminbolukbas"
"C3Techie","CHRISTIAN CHIBUZOR CHIBUIKE ","User","4","80","C3Techie/micro-service-notification-system","1","https://github.com/C3Techie"
"canotalois"," ","User","5","21","canotalois/area","1","https://github.com/canotalois"
"Charles-Abasimfon","Charles Abasimfon ","User","8","23","Charles-Abasimfon/fyn-the-fox-web","1","https://github.com/Charles-Abasimfon"
"Chimee"," ","User","0","13","Chimee/empire-coach-frontend","1","https://github.com/Chimee"
"chinedu16","Ohagwu Chinedu ","User","17","49","chinedu16/face-azure-liveness","1","https://github.com/chinedu16"
"ChristianRukundo"," ","User","8","55","ChristianRukundo/NE-react-native","1","https://github.com/ChristianRukundo"
"CodeWithUmair","Umair Amir ","User","10","51","CodeWithUmair/link-saas","1","https://github.com/CodeWithUmair"
"CodingSabbir","Sabbir Rahman ","User","0","119","CodingSabbir/steadfast-dashbord","1","https://github.com/CodingSabbir"
"Computadores-Para-Todos"," ","Organization","0","2","Computadores-Para-Todos/computers-4-all-manager","1","https://github.com/Computadores-Para-Todos"
"costa-tech","Himsara De Costa ","User","2","16","costa-tech/Codveda-Task-2-3","1","https://github.com/costa-tech"
"danielcashion","Daniel Cashion ","User","13","19","danielcashion/CollegeAthleteNetwork","1","https://github.com/danielcashion"
"DarioKolic","Dario Kolic ","User","5","22","DarioKolic/dario-kolic-v2","1","https://github.com/DarioKolic"
"Dawit212119","Dawit Workye ","User","4","67","Dawit212119/portfolio","1","https://github.com/Dawit212119"
"DbHridoy","Md Nur Alam ","User","4","51","DbHridoy/Easyrenting","1","https://github.com/DbHridoy"
"Deepsoni5","Deep soni ","User","5","59","Deepsoni5/kucash","1","https://github.com/Deepsoni5"
"Delower-Hasan","Delower Hasan ","User","9","58","Delower-Hasan/node-express-template","1","https://github.com/Delower-Hasan"
"delwar-bscse","Md. Delwar Hossain ","User","3","53","delwar-bscse/startup-website","1","https://github.com/delwar-bscse"
"Derrick99234","Derrick ","User","8","59","Derrick99234/Church-Workflow","1","https://github.com/Derrick99234"
"Devanshi-4831"," ","User","0","12","Devanshi-4831/mern_blog","1","https://github.com/Devanshi-4831"
"developerDesinger"," ","User","0","16","developerDesinger/pryve-dashboard","1","https://github.com/developerDesinger"
"devesh-2004","Devesh Purohit ","User","6","19","devesh-2004/Clone","1","https://github.com/devesh-2004"
"devtag2026"," ","User","0","35","devtag2026/AimDiscover-FrontEnd","1","https://github.com/devtag2026"
"DevWizardHQ","DevWizard ","Organization","9","16","DevWizardHQ/laravel-react-permissions","1","https://github.com/DevWizardHQ"
"devxankit","Ankit Ahirwar  ","User","1","22","devxankit/neargud","1","https://github.com/devxankit"
"dineshkuma1234","Nikhil kumar ","User","1","17","dineshkuma1234/Gimmel","1","https://github.com/dineshkuma1234"
"Dixon282005","Ramos Soto Dixon Arturo ","User","2","16","Dixon282005/Cifrax","1","https://github.com/Dixon282005"
"drewroberts","Drew Roberts ","User","276","58","drewroberts/website","1","https://github.com/drewroberts"
"duythong28","Dao Duy Thong ","User","2","8","duythong28/connect-career-be","1","https://github.com/duythong28"
"ecc97","Edwin Carmona ","User","15","64","ecc97/cobra-tu","1","https://github.com/ecc97"
"emanuelscott"," ","User","0","2","emanuelscott/fites","1","https://github.com/emanuelscott"
"Emmanuelombaye"," ","User","0","54","Emmanuelombaye/alexiantwebsite","1","https://github.com/Emmanuelombaye"
"EspiSebas","Sebastian Espinosa Soto ","User","1","23","EspiSebas/TaskManager","1","https://github.com/EspiSebas"
"Eternity0207","MANI ","User","2","25","Eternity0207/TAC-Web","1","https://github.com/Eternity0207"
"faaizmahmood","Faaiz Mahmood ","User","18","25","faaizmahmood/eduwise-backend","1","https://github.com/faaizmahmood"
"fahadali503","Fahad Ali ","User","2","25","fahadali503/react-email-templates","1","https://github.com/fahadali503"
"Faitorxd","Walter Yesid Otero  ","User","1","22","Faitorxd/Dashboard_clima","1","https://github.com/Faitorxd"
"faizansafwan","Faizan Safwan ","User","0","35","faizansafwan/hotel-website","1","https://github.com/faizansafwan"
"farhan-khan259","Muhammad Farhan ","User","4","39","farhan-khan259/metadrivebackend","1","https://github.com/farhan-khan259"
"Farhanasharna2000","Farhana Akter Sharna  ","User","5","80","Farhanasharna2000/DeshTender","1","https://github.com/Farhanasharna2000"
"FyslAhmd","Faysal Ahmad Patwary ","User","3","73","FyslAhmd/nexus-admin-frontend","1","https://github.com/FyslAhmd"
"gocharli"," ","User","0","5","gocharli/ahsanTasks","1","https://github.com/gocharli"
"Guischk","Guiz ","User","3","8","Guischk/Airboost-next","1","https://github.com/Guischk"
"hacksultan","Hack ","User","33","6","hacksultan/opentemplates","1","https://github.com/hacksultan"
"HAFEEZAH029","Hafeezah Kadiri ","User","0","17","HAFEEZAH029/audiommerce","1","https://github.com/HAFEEZAH029"
"haloivanid","Ivan Azis ","User","18","13","haloivanid/monorepo","1","https://github.com/haloivanid"
"hammad872","Hammad Siddiq ","User","1","13","hammad872/review","1","https://github.com/hammad872"
"harshPandey0911","Harsh Pandey ","User","0","20","harshPandey0911/student_education","1","https://github.com/harshPandey0911"
"HasanAlif","Al-Mehedi Hasan Alif ","User","3","41","HasanAlif/Learning_Practice_JavaScript","1","https://github.com/HasanAlif"
"HassanAbbas10","Hassan Abbas ","User","23","55","HassanAbbas10/Nature","1","https://github.com/HassanAbbas10"
"heamlk","Mehdi ABDERRAZAK ","User","0","21","heamlk/Photography-Websites","1","https://github.com/heamlk"
"HimanshuJain04","Himanshu ","User","49","62","HimanshuJain04/portfolio-2.0","1","https://github.com/HimanshuJain04"
"hssn08","Hassan Abbas ","User","2","25","hssn08/vici2","1","https://github.com/hssn08"
"hubertit","Hubert IT ","User","38","26","hubertit/milliondollarbot","1","https://github.com/hubertit"
"Huzaifagit1","Huzaifa ","User","0","30","Huzaifagit1/wunder-power","1","https://github.com/Huzaifagit1"
"iamnasirudeen","Nasirudeen Olohundare ","User","50","119","iamnasirudeen/E-wallet","1","https://github.com/iamnasirudeen"
"ibrahimraimi","Morningstar ","User","506","88","ibrahimraimi/tobika","1","https://github.com/ibrahimraimi"
"ifshad","Ifshad Hasan Sharan ","User","10","31","ifshad/shadcn-practise","1","https://github.com/ifshad"
"iftekhar2979","Iftekhar Salmin Rashid ","User","3","62","iftekhar2979/Knitting_Client","1","https://github.com/iftekhar2979"
"ILhankhondaker","Ilhan Khondaker  ","User","26","116","ILhankhondaker/todo","1","https://github.com/ILhankhondaker"
"imrancs058","Imran Afzal ","User","11","42","imrancs058/todofrontend","1","https://github.com/imrancs058"
"inaumanmajeed","Nauman Majeed ","User","1","56","inaumanmajeed/CryptoNextjs","1","https://github.com/inaumanmajeed"
"ishimwejeanluc","Ishimwe Jean Luc ","User","14","55","ishimwejeanluc/EventStreamingSystem","1","https://github.com/ishimwejeanluc"
"IslamSolimanInnowise"," ","User","0","9","IslamSolimanInnowise/next-crud","1","https://github.com/IslamSolimanInnowise"
"Iteam-company","Iteam ","Organization","3","10","Iteam-company/restaurant-rn-app","1","https://github.com/Iteam-company"
"Jahan-Shah","Shah Jahan ","User","14","45","Jahan-Shah/draw-doodle","1","https://github.com/Jahan-Shah"
"Jamil255","JAMIL AFZAL ","User","17","93","Jamil255/quotation-system-web","1","https://github.com/Jamil255"
"JasmondWorks","Obafemi Olorede ","User","5","63","JasmondWorks/Raffle-Draw","1","https://github.com/JasmondWorks"
"jimmyjulio007","DevNoob ","User","6","26","jimmyjulio007/julio-portfolio","1","https://github.com/jimmyjulio007"
"jishad10","Jahidul Islam Shikdar ","User","7","53","jishad10/poddagolf_all_code","1","https://github.com/jishad10"
"jobayer-hossen"," Jobayer Hossen ","User","11","51","jobayer-hossen/soft_and_cookie_project","1","https://github.com/jobayer-hossen"
"Joleru"," ","User","9","16","Joleru/agenteinfomativo","1","https://github.com/Joleru"
"josemle","Jose ","User","150","68","josemle/Monetize_Frontend","1","https://github.com/josemle"
"kcyusa"," ","User","1","35","kcyusa/TaskManagementApp","1","https://github.com/kcyusa"
"Krish-na-Ai"," ","User","0","10","Krish-na-Ai/Front-self","1","https://github.com/Krish-na-Ai"
"ksoham2003","Soham_Kadam ","User","2","49","ksoham2003/Todo-crud","1","https://github.com/ksoham2003"
"Kvit-Dm"," ","User","4","26","Kvit-Dm/Exonn-task","1","https://github.com/Kvit-Dm"
"lambeboluwatife","Lambe Boluwatife ","User","40","187","lambeboluwatife/lbdflix","1","https://github.com/lambeboluwatife"
"lamdan0901","Anderson Ho ","User","3","50","lamdan0901/YouTube-Playlist-Pulse","1","https://github.com/lamdan0901"
"Liergab","Bryan Gabriel Rubio ","User","2","43","Liergab/NestJs-Template","1","https://github.com/Liergab"
"LiteObject","Lite Object/s ","User","30","320","LiteObject/ai-chatbot-v2","1","https://github.com/LiteObject"
"lmiguelvargasf","M ","User","25","16","lmiguelvargasf/cursor_workshop","1","https://github.com/lmiguelvargasf"
"Lucifer4255","Suhotra Dey ","User","10","76","Lucifer4255/Board.io","1","https://github.com/Lucifer4255"
"luckyS330","Lucky330 ","User","0","26","luckyS330/turbo_assessment","1","https://github.com/luckyS330"
"MAHIR-DEVES","Md Meherab Hossen ","User","6","97","MAHIR-DEVES/Helth-care-Backend","1","https://github.com/MAHIR-DEVES"
"MahorixTechnologies"," ","User","0","2","MahorixTechnologies/Mahorix-web","1","https://github.com/MahorixTechnologies"
"MalithDN","N.H.M.Dilhara ","User","2","12","MalithDN/HTML-portfolio","1","https://github.com/MalithDN"
"MamtazDev","Mamtaz ","User","8","201","MamtazDev/poznanski-backend","1","https://github.com/MamtazDev"
"manaknight","manaknightdigital ","User","3","26","manaknight/backend_mock_fast","1","https://github.com/manaknight"
"marinirin909-lang","Muhammad Taufid Khalid ","User","0","19","marinirin909-lang/saasable","1","https://github.com/marinirin909-lang"
"mariumnoorkhetran","Marium Noor Khetran ","User","1","3","mariumnoorkhetran/tendril","1","https://github.com/mariumnoorkhetran"
"markbfreelance","Mark Balajadia ","User","7","17","markbfreelance/atlantaconstructionenterprises","1","https://github.com/markbfreelance"
"maruf-pfc","Md. Maruf Sarker ","User","61","161","maruf-pfc/build-to-learn","1","https://github.com/maruf-pfc"
"Maxima24"," ","User","4","61","Maxima24/synthSentry","1","https://github.com/Maxima24"
"MayDan12","Oluwanimotele Mayowa Daniel ","User","22","56","MayDan12/Revival-Glow","1","https://github.com/MayDan12"
"md-fahad-ali","Fahad Ali ","User","5","47","md-fahad-ali/idp-project","1","https://github.com/md-fahad-ali"
"mdemong87","Md Emon Hossen ","User","2","89","mdemong87/hrms","1","https://github.com/mdemong87"
"mdimamhosen","Imam Hosen ","User","17","158","mdimamhosen/Care2-Training-Consultancy","1","https://github.com/mdimamhosen"
"MdJowelAhmed","Md Jowel Ahmed ","User","5","113","MdJowelAhmed/redux-toolkit-query-practice","1","https://github.com/MdJowelAhmed"
"mdmehedihasan-dev","Md Mehedi Hasan  ","User","11","129","mdmehedihasan-dev/nest-route","1","https://github.com/mdmehedihasan-dev"
"mehediScriptDev","Mehedi ","User","10","123","mehediScriptDev/atarShop","1","https://github.com/mehediScriptDev"
"MehfoozurRehman","Mehfooz-ur-Rehman ","User","19","100","MehfoozurRehman/pos-app","1","https://github.com/MehfoozurRehman"
"MeliodasX"," ","User","10","6","MeliodasX/fabric-video-editor","1","https://github.com/MeliodasX"
"MHDabdulkader","Mohammad Abdul Kader ","User","0","68","MHDabdulkader/uber","1","https://github.com/MHDabdulkader"
"mhdnazim"," ","User","3","40","mhdnazim/Explore_v1_server","1","https://github.com/mhdnazim"
"Mohammed-Zain-ul-Hassan","Zain Hassan ","User","11","33","Mohammed-Zain-ul-Hassan/career-finder","1","https://github.com/Mohammed-Zain-ul-Hassan"
"Mohankotte123","Kotte Mohan Krishna ","User","0","26","Mohankotte123/Nostic_KRB","1","https://github.com/Mohankotte123"
"MohitKumawat74","Mohit Kumawat ","User","0","12","MohitKumawat74/Pie-Fitness-Backend","1","https://github.com/MohitKumawat74"
"Moinuddin-dotcom","Md. Moinuddin Chowdhury ","User","1","50","Moinuddin-dotcom/Moinuddin-Port-Next","1","https://github.com/Moinuddin-dotcom"
"monirhabderabby","Monir Hossain ","User","20","157","monirhabderabby/armaitoly-dashboard","1","https://github.com/monirhabderabby"
"morachake","Jacob Moracha ","User","30","99","morachake/aws-community-day","1","https://github.com/morachake"
"motormouthvis","William Miller ","User","1","13","motormouthvis/dream-neighborhood-admin","1","https://github.com/motormouthvis"
"Mr-Saadis","Muhammad Saad Shahid ","User","0","7","Mr-Saadis/PixelPirates","1","https://github.com/Mr-Saadis"
"Mshandev","Muhammad Shan ","User","25","21","Mshandev/Trello-Clone","1","https://github.com/Mshandev"
"msuhels","Mohammad Suhel Shaikh ","User","3","47","msuhels/Inventory_Managment_react_native","1","https://github.com/msuhels"
"MTS-Services","MTS Services ","Organization","24","127","MTS-Services/asalmiah_nextjs_fixing","1","https://github.com/MTS-Services"
"muana8877","Mahnoor Akbar ","User","3","9","muana8877/panda-board","1","https://github.com/muana8877"
"mubeen360","Mubeen Noor ","User","2","6","mubeen360/Portfolio","1","https://github.com/mubeen360"
"MUGISHA-Pascal","MUGISHA Pascal ","User","61","35","MUGISHA-Pascal/Google-Map-Application","1","https://github.com/MUGISHA-Pascal"
"muhammad-sohel131","Md Sohel ","User","13","88","muhammad-sohel131/propertry-manage","1","https://github.com/muhammad-sohel131"
"MUmerch641","Umer Choudhry ","User","1","76","MUmerch641/PDF-Unloacker-app","1","https://github.com/MUmerch641"
"muscleddigital"," ","Organization","3","2","muscleddigital/muscled-landing-pages","1","https://github.com/muscleddigital"
"NafisOfficial","MD. NAFIS IQBAL ","User","5","37","NafisOfficial/My-Components-library","1","https://github.com/NafisOfficial"
"naksh1414"," ","User","8","55","naksh1414/Googlle-Slides-Converter","1","https://github.com/naksh1414"
"namo-usquare"," ","User","0","5","namo-usquare/cmc","1","https://github.com/namo-usquare"
"naseemkhandev","Naseem Khan ","User","24","45","naseemkhandev/nft-react","1","https://github.com/naseemkhandev"
"nchiara68"," ","User","0","49","nchiara68/amplify-next-pages-template","1","https://github.com/nchiara68"
"neurolab-0x","neurolab.0x ","Organization","4","4","neurolab-0x/docs","1","https://github.com/neurolab-0x"
"nextgencodex-com"," ","User","0","21","nextgencodex-com/ceylon_visitors","1","https://github.com/nextgencodex-com"
"NEXUS120-Official","NEXUS FINANCE ","User","1","4","NEXUS120-Official/sonar","1","https://github.com/NEXUS120-Official"
"NickStepanenko","Nick ","User","0","22","NickStepanenko/asrc-race-hub","1","https://github.com/NickStepanenko"
"nifemi2005","Temenu Oluwanifemi ","User","3","35","nifemi2005/whisperbox","1","https://github.com/nifemi2005"
"nikThakur16","Nikhil Thakur ","User","0","13","nikThakur16/OMS","1","https://github.com/nikThakur16"
"No-bodyq","Asher ","User","13","146","No-bodyq/QuadClue","1","https://github.com/No-bodyq"
"No-Country-simulation","No Country Simulation ","Organization","1533","2177","No-Country-simulation/s18-14-n-node-react","1","https://github.com/No-Country-simulation"
"nomiscientist","Shaam ","User","51","1640","nomiscientist/ai_skillfitsports","1","https://github.com/nomiscientist"
"nrshakib","MD Nadim Rijvi Shakib ","User","6","52","nrshakib/travel-website","1","https://github.com/nrshakib"
"Olamidipupo-favour","Agboola Olamidipupo  ","User","48","93","Olamidipupo-favour/thesebasterdshaven_tpaidourmoney","1","https://github.com/Olamidipupo-favour"
"olartgabo","José Gabriel Olarte Medrano ","User","5","17","olartgabo/studentCommunityDay","1","https://github.com/olartgabo"
"OMBOY33"," ","User","0","4","OMBOY33/moonboy","1","https://github.com/OMBOY33"
"one-project-one-month","One Project One Month ","Organization","183","120","one-project-one-month/donatio-nextJS","1","https://github.com/one-project-one-month"
"oscafrica","Open Source Community Africa ","Organization","319","14","oscafrica/chapters-directory","1","https://github.com/oscafrica"
"oyewoas","OYEWO Ayooluwa  ","User","60","195","oyewoas/smc_lossless_bidding","1","https://github.com/oyewoas"
"pablo-clueless","Samson Okunola ","User","34","19","pablo-clueless/color-zen","1","https://github.com/pablo-clueless"
"PaccyC","Pacifique ","User","13","111","PaccyC/ai-powered-chatbot","1","https://github.com/PaccyC"
"pacifiquem","Murangwa Pacifique ","User","210","103","pacifiquem/idebug","1","https://github.com/pacifiquem"
"parag-radadiya","parag radadiya ","User","1","24","parag-radadiya/vansh","1","https://github.com/parag-radadiya"
"ParallaxPicturesStore"," ","User","0","2","ParallaxPicturesStore/ascension","1","https://github.com/ParallaxPicturesStore"
"parikshit2023360554","Parikshit Singh ","User","1","22","parikshit2023360554/Auth-App-","1","https://github.com/parikshit2023360554"
"pcabaniss","Phillip Cabaniss ","User","6","27","pcabaniss/Joule","1","https://github.com/pcabaniss"
"PecodeAutomation","Pecode OU ","Organization","9","7","PecodeAutomation/playwright-demoqa-framework","1","https://github.com/PecodeAutomation"
"penthian","Penthian ","User","2","1","penthian/penthian","1","https://github.com/penthian"
"phillipshepard1"," ","User","1","13","phillipshepard1/Help-Docs-Video","1","https://github.com/phillipshepard1"
"pir-ahsan-raza","Pir Ahsan Raza ","User","12","11","pir-ahsan-raza/n8n-nodes-plausible","1","https://github.com/pir-ahsan-raza"
"PirateKingAkshit","Akshit Kumar ","User","0","12","PirateKingAkshit/agritech-backend","1","https://github.com/PirateKingAkshit"
"Piyush-Use-Personal","Piyush Dubey ","User","18","72","Piyush-Use-Personal/next-ai-pdf","1","https://github.com/Piyush-Use-Personal"
"PradeepKundekar0101","Pradeep Kundekar ","User","222","103","PradeepKundekar0101/WebRTC-POC","1","https://github.com/PradeepKundekar0101"
"pratapadityasingh","Aditya Pratap ","User","0","14","pratapadityasingh/bannerxpress","1","https://github.com/pratapadityasingh"
"prit-nadoda","Prit Nadoda ","User","5","21","prit-nadoda/vs-ext-injectify","1","https://github.com/prit-nadoda"
"Prit4848","Prit Rajput here.... ","User","9","37","Prit4848/First-Next-App","1","https://github.com/Prit4848"
"PriyanshiGoyal-15","Priyanshi Goyal ","User","2","15","PriyanshiGoyal-15/Blog-App","1","https://github.com/PriyanshiGoyal-15"
"QaisarMoin"," ","User","0","57","QaisarMoin/Alkarmh-admin-testing","1","https://github.com/QaisarMoin"
"Rahad-Ullah","Md. Rahad Ullah ","User","14","140","Rahad-Ullah/Re-wears-dashboard","1","https://github.com/Rahad-Ullah"
"rahulsinghnegiii","Rahul ","User","2","47","rahulsinghnegiii/Kakushin","1","https://github.com/rahulsinghnegiii"
"rajasadeem","Raja Sadeem ","User","1","13","rajasadeem/raja-sadeem","1","https://github.com/rajasadeem"
"Rameez2","Rameez  ","User","0","35","Rameez2/resqdex-nextjs","1","https://github.com/Rameez2"
"ranjanbatra2025"," ","User","0","6","ranjanbatra2025/qubro-consultancy-site","1","https://github.com/ranjanbatra2025"
"reallyhq","ReallyHQ ","Organization","4","2","reallyhq/V0-ReallyGlobal","1","https://github.com/reallyhq"
"ritiktangri"," ","User","1","5","ritiktangri/Emirouq-Mobile","1","https://github.com/ritiktangri"
"rohansingh4","Rohan Singh ","User","11","31","rohansingh4/solana-encrypted-chat","1","https://github.com/rohansingh4"
"rohitgoru"," ","User","1","13","rohitgoru/curves-slider","1","https://github.com/rohitgoru"
"roohullah2007","Rooh ullah khan ","User","0","17","roohullah2007/houstenezfinance","1","https://github.com/roohullah2007"
"Ryane23","Ryan Erick Ngu Javea Fominyen ","User","6","38","Ryane23/eagle","1","https://github.com/Ryane23"
"sahlminkok","Sahalu Aminu ","User","19","66","sahlminkok/atomic-blog","1","https://github.com/sahlminkok"
"saidur1","Md Saidur Rahman ","User","0","3","saidur1/saidurrahman","1","https://github.com/saidur1"
"SAIF-git903","Saif Ali ","User","2","26","SAIF-git903/gym-management","1","https://github.com/SAIF-git903"
"sajib689","Md. Sajib Hossen ","User","5","278","sajib689/university-management-service","1","https://github.com/sajib689"
"salmansarwarr","Salman Sarwar ","User","6","100","salmansarwarr/solana-sniper-bot","1","https://github.com/salmansarwarr"
"Sanjeev-Chakaravarthy","Sanjeev-M.S ","User","6","78","Sanjeev-Chakaravarthy/SW-assignment-2.3-sem-4","1","https://github.com/Sanjeev-Chakaravarthy"
"seekehr","seeker ","User","8","47","seekehr/seekehr.github.io","1","https://github.com/seekehr"
"sengeedorjcody","Sengeedorj ","User","1","8","sengeedorjcody/converter","1","https://github.com/sengeedorjcody"
"SH-Sajid","Md.Sajjad Hossain  ","User","7","35","SH-Sajid/Vara_Hobe","1","https://github.com/SH-Sajid"
"ShaheryarBabar786","Shaheryar Babar ","User","0","9","ShaheryarBabar786/personality-test","1","https://github.com/ShaheryarBabar786"
"shaikot07","Saiful Islam Shaikot ","User","16","99","shaikot07/next-js-custom-auth-client","1","https://github.com/shaikot07"
"shakibul22","MD SHAKIBUL ISLAM ","User","7","75","shakibul22/daily-news","1","https://github.com/shakibul22"
"shashwatrai05","Shashwat Rai ","User","10","74","shashwatrai05/meetmux-backend-task","1","https://github.com/shashwatrai05"
"Shaurya-Aditya"," ","User","1","9","Shaurya-Aditya/chatbot-AI","1","https://github.com/Shaurya-Aditya"
"shery7378"," ","User","0","9","shery7378/multifront","1","https://github.com/shery7378"
"sherycodes","Sheharyar Ahmad ","User","0","19","sherycodes/capture-wave","1","https://github.com/sherycodes"
"Shivam29k","Shivam Kumar ","User","16","22","Shivam29k/portfolio","1","https://github.com/Shivam29k"
"shivc868"," ","User","2","27","shivc868/text-animations","1","https://github.com/shivc868"
"shreyash-jain","Shreyash Jain ","User","21","76","shreyash-jain/still-lift-zone","1","https://github.com/shreyash-jain"
"singlespine-new","singlespine ","Organization","1","1","singlespine-new/singlespine_web","1","https://github.com/singlespine-new"
"Softvence-Omega-Future-Stack-2","Softvence-Omega-Future-Stack-2  ","Organization","1","7","Softvence-Omega-Future-Stack-2/alisona555-dashboard","1","https://github.com/Softvence-Omega-Future-Stack-2"
"solojungle","Ali Awari ","User","25","10","solojungle/social-later","1","https://github.com/solojungle"
"spdev18","shivam pandey ","User","7","17","spdev18/swis_bank","1","https://github.com/spdev18"
"Stephenanokz","Stephenanokz ","User","3","33","Stephenanokz/ihmhealth-api","1","https://github.com/Stephenanokz"
"StudioMitesh","Mitesh Shah ","User","19","26","StudioMitesh/hackday-foodie","1","https://github.com/StudioMitesh"
"sudais-khan12","Sudais Khan ","User","3","35","sudais-khan12/notebook","1","https://github.com/sudais-khan12"
"Suraj-Mahto87","Suraj Mahto ","User","0","4","Suraj-Mahto87/fancy","1","https://github.com/Suraj-Mahto87"
"syedmuhammadbilalgillani","Syed Muhammad Bilal Gillani   ","User","4","38","syedmuhammadbilalgillani/pos_store","1","https://github.com/syedmuhammadbilalgillani"
"taijulsir","Md Tazul Islam ","User","5","66","taijulsir/appifylab-buddy-script-frontend","1","https://github.com/taijulsir"
"tamfolio","Tamilore Olaniyi ","User","1","118","tamfolio/Full-stack-fintech-application","1","https://github.com/tamfolio"
"Tanmay2001Choudhary","Tanmay Choudhary ","User","1","28","Tanmay2001Choudhary/dcluttr","1","https://github.com/Tanmay2001Choudhary"
"tanushka1726"," ","User","0","13","tanushka1726/Portfolio","1","https://github.com/tanushka1726"
"tarun-khatri","Tarun Khatri ","User","3","53","tarun-khatri/nexus-kiteAI-hackathon","1","https://github.com/tarun-khatri"
"TemuriTsutskiridze","Temuri Tsutskiridze ","User","36","180","TemuriTsutskiridze/React-Final","1","https://github.com/TemuriTsutskiridze"
"ThandarHtetHtetSan"," ","User","2","16","ThandarHtetHtetSan/personalized-local-coffee-recommendation-system","1","https://github.com/ThandarHtetHtetSan"
"The-Engineer-Network","The Engineer Network ","Organization","109","11","The-Engineer-Network/engipay","1","https://github.com/The-Engineer-Network"
"TheProjectsX","Modasser Hasan ","User","12","112","TheProjectsX/anytxn-next","1","https://github.com/TheProjectsX"
"ThilinaTLM","Thilina Lakshan ","User","17","100","ThilinaTLM/codesearch-rs","1","https://github.com/ThilinaTLM"
"todinhvan","To Dinh Van ","User","1","11","todinhvan/einvoice-microservices","1","https://github.com/todinhvan"
"tuyishimejeandamour","tuyishime jeandamour ","User","26","101","tuyishimejeandamour/eduAfri","1","https://github.com/tuyishimejeandamour"
"unfazed24072005io","SUTIRTHA SOOR ","User","0","80","unfazed24072005io/youtube-clone","1","https://github.com/unfazed24072005io"
"UroojFatim","Urooj Fatima ","User","3","35","UroojFatim/tMust","1","https://github.com/UroojFatim"
"usama-maxenius","Syed Muhammad Usama ","User","0","19","usama-maxenius/maxenius-v3","1","https://github.com/usama-maxenius"
"VanessaGikebe","Vanessa Gikebe ","User","4","26","VanessaGikebe/FOMO-app","1","https://github.com/VanessaGikebe"
"Veriton-Tech","Veriton ","Organization","3","8","Veriton-Tech/Veriton-Tech-Site","1","https://github.com/Veriton-Tech"
"vinayytyagi","Vinay Kumar ","User","3","16","vinayytyagi/30meals","1","https://github.com/vinayytyagi"
"Vipul-Kataria","Vipul Kataria ","User","1","10","Vipul-Kataria/Aas-Pass_Major-Project","1","https://github.com/Vipul-Kataria"
"VipulGoyal95","Vipul Goyal ","User","2","17","VipulGoyal95/SAE-NITKKR","1","https://github.com/VipulGoyal95"
"vkrms","Pavel Maliuk ","User","6","47","vkrms/sb1-k7fs48xr","1","https://github.com/vkrms"
"Vuththana","Vuththana ","User","5","33","Vuththana/Next_JS_Practice","1","https://github.com/Vuththana"
"wahajansari08","wahaj ansari ","User","4","13","wahajansari08/NextDashboard","1","https://github.com/wahajansari08"
"Wajeeh-Haider","Wajeeh Haider ","User","4","17","Wajeeh-Haider/primehelp-dashboard","1","https://github.com/Wajeeh-Haider"
"Waseem12wa","Waseemullah Zahid ","User","3","53","Waseem12wa/DentalPrep","1","https://github.com/Waseem12wa"
"wisdomedeki761","wisdom ","User","0","12","wisdomedeki761/YouTube-short-creator-FE","1","https://github.com/wisdomedeki761"
"XaidenLabs","DADIENG ALFRED GABRIEL ","User","17","101","XaidenLabs/myreliq","1","https://github.com/XaidenLabs"
"xenitesh","Nitesh Gupta ","User","13","22","xenitesh/box-game","1","https://github.com/xenitesh"
"XpertWebApp"," ","User","2","25","XpertWebApp/BlockterraAssignment","1","https://github.com/XpertWebApp"
"y0ngdev","Prosper Ugbovo ","User","26","65","y0ngdev/cast","1","https://github.com/y0ngdev"
"yaseen041"," ","User","0","6","yaseen041/buyahouseinrosarito","1","https://github.com/yaseen041"
"yasmine70-code","yasmine zaag ","User","0","6","yasmine70-code/project-copie","1","https://github.com/yasmine70-code"
"Ymirke","Ymir ","User","0","48","Ymirke/SIMLI-HACK","1","https://github.com/Ymirke"
"YoussefPasha","Youssef Pasha ","User","59","42","YoussefPasha/pages-builder","1","https://github.com/YoussefPasha"
"yowai-hit0"," ","User","16","29","yowai-hit0/resolvety","1","https://github.com/yowai-hit0"
"Yusadolat","Yusuf Adeyemo ","User","94","131","Yusadolat/yusadolat.me","1","https://github.com/Yusadolat"
"zainabkhan9118","Zainab Iqbal ","User","3","24","zainabkhan9118/SFour00","1","https://github.com/zainabkhan9118"
"zainjaved-ui","Zain Javed ","User","0","8","zainjaved-ui/INoteBook","1","https://github.com/zainjaved-ui"
"zakaria-akash","Zakaria Ibrahim ","User","2","48","zakaria-akash/rapid-mart","1","https://github.com/zakaria-akash"
"Zenncode","ZennCode ","User","15","11","Zenncode/ftccmain","1","https://github.com/Zenncode"
